id,per_square_meter_price
COL_289284,33121.424888205685
COL_289305,56680.907040925194
COL_289318,60335.51192311888
COL_289354,71441.89478876491
COL_289399,64353.839295026235
COL_289428,46185.49706301207
COL_289460,53686.17658222107
COL_289493,51384.87121226958
COL_289495,64132.1923048265
COL_289749,42596.675941432215
COL_289763,136562.02903856995
COL_289778,63820.63579854041
COL_289801,32724.008072083176
COL_289971,32697.01590928513
COL_290143,57251.879893445606
COL_290169,177127.93495202978
COL_290252,25095.972728952132
COL_290336,50595.036852688994
COL_290398,42425.566188165074
COL_290403,57832.65497678197
COL_290431,29001.07144423881
COL_290466,59825.48503028081
COL_290486,51867.83056879794
COL_290497,31502.79646851195
COL_290510,69731.10714133499
COL_290559,40115.866811574575
COL_290600,109659.32890361562
COL_290602,118104.96197529066
COL_290716,65971.99581233958
COL_290717,20330.238521250976
COL_290876,42822.459172114905
COL_290966,38794.85090211093
COL_291008,32052.58655430388
COL_291021,213196.5561118439
COL_291043,60618.19878225272
COL_291190,59193.537693163584
COL_291192,53162.06280638076
COL_291274,37653.84004258516
COL_291284,63704.54955721052
COL_291397,32547.435884906714
COL_291450,64208.92092543156
COL_291738,92132.15662121853
COL_291740,65567.78318091115
COL_291825,25209.05288599758
COL_291900,52859.24693647543
COL_292045,46459.68293488668
COL_292135,49120.898806399535
COL_292258,22628.594755388483
COL_292275,25275.580976800156
COL_292279,60416.23981673532
COL_292364,44222.39197902695
COL_292417,33216.47615894572
COL_292421,63448.48057195451
COL_292501,43534.301975671595
COL_292654,105188.05386309756
COL_292906,61141.08423728956
COL_292926,27717.758508393446
COL_293123,136820.6281178043
COL_293135,30619.686070854383
COL_293496,57488.608702432866
COL_293497,45969.75304709586
COL_293588,243019.08466301885
COL_293614,180051.2068293258
COL_293631,69266.87513358956
COL_293703,37814.545813441
COL_293773,34775.89020557794
COL_293780,33708.95683170576
COL_293783,26817.4965695891
COL_293826,31509.75678899271
COL_293889,68016.95014152385
COL_293952,77018.84820034716
COL_293956,38916.48822404216
COL_294068,61843.485151960485
COL_294101,50881.88111707642
COL_294115,42638.37990273683
COL_294143,37225.248451943524
COL_294200,35873.17083743173
COL_294245,24859.624419136228
COL_294261,28388.87467496288
COL_294293,66686.54642789187
COL_294300,69786.75792990165
COL_294350,33521.49350408939
COL_294488,53999.082730368566
COL_294525,75183.15462728211
COL_294553,65604.05737568047
COL_294558,42885.72368472995
COL_294593,46877.223399366994
COL_294691,89325.86072801576
COL_294716,31498.422435145185
COL_294729,56395.388968735984
COL_294785,86271.09459736882
COL_294917,50404.117311561546
COL_294951,15598.446103258913
COL_294975,43627.02204842209
COL_295255,28692.148235453828
COL_295327,13573.199910302455
COL_295509,33216.33799907571
COL_295595,59868.07408183368
COL_296322,40894.681767897884
COL_296509,24618.515626390254
COL_296521,177381.99728149534
COL_296756,43404.483353197546
COL_296901,50875.90029173568
COL_297293,28650.97241361579
COL_297324,51767.00513918904
COL_297326,69271.54291683553
COL_297329,43187.78373722413
COL_297441,36052.5799889458
COL_297472,20421.043577410393
COL_297631,53482.38260627646
COL_297815,81771.80853062196
COL_298020,33190.79361565573
COL_298046,48343.678759724884
COL_298052,34517.836170445444
COL_298055,126637.48802433789
COL_298064,43463.90753887301
COL_298075,61480.694276691145
COL_298099,43979.82586358338
COL_298101,59314.196346547586
COL_298102,59999.68310813797
COL_298103,59999.68310813797
COL_298104,61331.73060900374
COL_298261,46094.75912458841
COL_298459,313860.95311484777
COL_298471,31844.074774586476
COL_298481,70174.85771989811
COL_298516,64143.44324021702
COL_298532,30394.6655921545
COL_298539,52673.8362846101
COL_298593,190875.89569374977
COL_298719,33295.67709367458
COL_298724,28204.027027470933
COL_298733,47768.54037215912
COL_298817,72110.64709185419
COL_298837,50209.348073672074
COL_298968,271185.147702848
COL_299209,81042.63152078855
COL_299221,292503.37688335724
COL_299361,41862.10999541852
COL_299366,44748.72533596541
COL_299450,74230.022928594
COL_299454,58641.545720097245
COL_299455,58068.71949307389
COL_299459,68558.00835461853
COL_299464,49435.95177252548
COL_299468,52670.92690850338
COL_299486,52333.72816740884
COL_299491,75335.61527539465
COL_299497,65827.08732679734
COL_299499,32864.53506314548
COL_299501,62537.32182777684
COL_299540,45955.83726504812
COL_299615,55731.27917182547
COL_299659,295793.2831954716
COL_299678,165482.18103913005
COL_299795,30892.311061656215
COL_299818,46505.94204579596
COL_299819,59552.82315836982
COL_299820,61478.26838530673
COL_299960,42017.88217488672
COL_300095,62045.04762964703
COL_300108,162136.1916992233
COL_300125,27972.675041961946
COL_300144,213711.27122256943
COL_300225,54063.678314746074
COL_300305,228241.0863548253
COL_300423,41967.987412705115
COL_300491,32398.34832297257
COL_300562,41392.27364644242
COL_300747,44663.07478195126
COL_300816,58261.72345358538
COL_300942,54454.37246051886
COL_300959,42746.8154113668
COL_300962,56413.630064704616
COL_301220,33785.81189691652
COL_301285,54644.871401553246
COL_301290,53117.26731141257
COL_301303,60725.77824407159
COL_301367,29835.63655768863
COL_301368,31192.01908968275
COL_301378,59669.48406759536
COL_301401,46441.09150485311
COL_301444,22658.15304111991
COL_301445,46862.772640582305
COL_301574,109441.22086030323
COL_301649,28650.82945352393
COL_301669,91724.18944088342
COL_301670,45041.387957188446
COL_301679,39078.598823956694
COL_301709,53505.229547790565
COL_301757,159192.4706367196
COL_301819,29020.704825887504
COL_301820,33346.1133282236
COL_301821,34708.35974686268
COL_301822,31435.18971107865
COL_301823,29251.012048426965
COL_301843,32795.39384858644
COL_301976,73463.14787628698
COL_301986,34300.15234937246
COL_302097,64920.62357864712
COL_302111,63139.747240420176
COL_302139,46602.447556350875
COL_302293,43424.55675468656
COL_302294,33316.74507713264
COL_302428,54764.28122382801
COL_302465,29559.863954198416
COL_302497,96786.70460224175
COL_302548,36603.4758823292
COL_302597,43803.55568365475
COL_302726,58381.84846306426
COL_302745,56679.63982645701
COL_302873,52492.15114797007
COL_302926,55332.68232854383
COL_302986,39140.63769043318
COL_302987,38968.87518707718
COL_302994,74330.70577687418
COL_303002,89713.1711754221
COL_303004,43575.68133204423
COL_303007,28181.335160006263
COL_303069,59933.20694761859
COL_303147,29139.79333634375
COL_303265,46656.56347553415
COL_303285,55715.7622441157
COL_303366,32622.04026628711
COL_303405,108780.43604464567
COL_303564,48363.315712917
COL_303569,29565.172122929846
COL_303618,66632.07796885488
COL_303623,53374.169787856765
COL_303624,53587.044120147046
COL_303625,48029.67497584996
COL_303626,34920.89803249343
COL_303627,55750.87153640897
COL_303637,31893.807277586657
COL_303638,46505.23626725879
COL_304041,39574.765613495525
COL_304147,594392.9250887079
COL_304255,245290.49015600662
COL_304280,68172.24392526715
COL_304320,48105.642049834365
COL_304322,52183.99122814317
COL_304323,35928.69251709218
COL_304324,21659.965123414593
COL_304325,35928.69251709218
COL_304367,36239.5063039066
COL_304546,53558.3805459286
COL_304550,67459.51981149513
COL_304552,73570.66643479276
COL_304561,44344.22747473151
COL_304585,67595.04880690182
COL_304853,64365.75569008957
COL_304902,32730.497021143467
COL_304978,56815.772305520375
COL_304984,35695.79259742735
COL_305002,72694.36750621161
COL_305017,48532.52222111692
COL_305038,28493.24625178552
COL_305057,38906.35620691735
COL_305058,40175.6594172647
COL_305059,39991.431865490275
COL_305114,290176.30008693394
COL_305373,74872.40890911763
COL_305382,75220.31746405999
COL_305383,67925.95019314313
COL_305384,76923.52252456274
COL_305385,77594.14990910364
COL_305386,75997.6284630663
COL_305387,76654.55290324194
COL_305388,69142.4992957828
COL_305413,48969.15434232281
COL_305607,55163.477940888566
COL_305652,59036.011622407634
COL_305726,142796.21089306497
COL_305896,90818.37823278819
COL_305924,45763.233307899965
COL_305926,45647.367102216995
COL_306033,73572.24839165655
COL_306088,79517.24011703537
COL_306141,35263.17555112254
COL_306143,43987.960972877554
COL_306144,44619.68986025192
COL_306151,87706.28776913286
COL_306153,52838.5677370841
COL_306154,47449.94725922011
COL_306155,30904.54984025374
COL_306206,52274.75019605887
COL_306621,56179.82307690233
COL_306728,58718.460221873975
COL_306758,44554.71820974316
COL_306763,72479.71916079996
COL_306803,38780.03287785822
COL_306853,37964.08727996537
COL_306892,31761.31429212333
COL_306938,67603.7167288815
COL_307001,66830.45427559741
COL_307043,55756.52529980335
COL_307158,58430.72771646339
COL_307269,55322.359784555505
COL_307356,54267.18326778124
COL_307480,46267.1921993566
COL_307529,75818.6034756214
COL_307623,32272.371978468032
COL_307819,43414.398552813356
COL_307874,45725.68914911218
COL_307945,65407.03540258349
COL_307986,54344.54793132628
COL_308206,59800.51171378051
COL_308211,38065.12751952363
COL_308429,55578.40008209234
COL_308446,37471.21321494604
COL_308472,58658.80564419211
COL_308486,75150.67593136153
COL_308492,76828.26260303345
COL_308493,71662.48331609853
COL_308743,36436.91569098886
COL_308803,37788.45689994867
COL_308813,86238.80249021047
COL_308963,45400.03505108227
COL_308966,24638.43156689962
COL_309079,34601.16820812165
COL_309121,33912.00991069209
COL_309434,54126.752510791615
COL_309612,38855.64127120747
COL_309635,17521.098388823368
COL_309640,49316.23571121632
COL_309642,26315.40573441234
COL_309784,34952.77435324584
COL_310093,31971.513682901725
COL_310107,31911.669316671003
COL_310164,45138.27551412628
COL_310207,59729.082501012716
COL_310218,69834.64119686134
COL_310311,43255.47461171619
COL_310315,49122.07222070716
COL_310359,66890.87405489711
COL_310405,64134.25810160554
COL_310447,63331.9791492349
COL_310503,42425.629368926515
COL_310570,36878.409118860516
COL_310590,51469.247429247705
COL_310604,55574.575440085326
COL_310641,237035.26749513653
COL_310642,64360.67352962329
COL_310656,192229.88823075514
COL_310722,33447.908303260316
COL_310897,34937.352989251514
COL_311016,25943.813340321976
COL_311017,47129.57459464787
COL_311018,35347.54225110325
COL_311025,25316.360359743954
COL_311026,31722.634888184293
COL_311068,35931.23886874109
COL_311128,35259.649664849065
COL_311187,145652.92899753348
COL_311188,147030.70181881197
COL_311328,234723.85475509995
COL_311348,43325.56392900511
COL_311537,55620.257702859075
COL_311660,42883.82655944762
COL_311665,32863.626965147196
COL_311698,31184.248688662647
COL_311704,225995.33325913615
COL_311870,56626.855452817246
COL_312002,44695.82471482277
COL_312005,386499.7360372928
COL_312006,162979.65193141942
COL_312007,157371.86313539286
COL_312010,70918.4793030062
COL_312014,53202.18190556457
COL_312208,56619.99006036542
COL_312270,34105.23643792824
COL_312284,52677.19823805937
COL_312290,29274.640587059777
COL_312323,65112.12393394625
COL_312335,55985.81322007497
COL_312455,44227.357868525745
COL_312609,45886.31095172825
COL_312628,39441.86115672917
COL_312649,63108.49889756363
COL_312672,53364.08640708037
COL_312673,64295.7861845642
COL_312695,46747.31303812996
COL_312997,147536.29210630327
COL_313006,50976.86551153049
COL_313065,71691.5047025062
COL_313068,66841.95301383165
COL_313211,41839.13597824246
COL_313268,246175.94849732108
COL_313304,41261.158594455526
COL_313352,33484.743512350695
COL_313363,48954.400269981576
COL_313535,60852.32287303671
COL_313559,111522.86475210146
COL_313572,46348.831564769185
COL_313573,46348.831564769185
COL_313574,42170.83622724819
COL_313597,43093.70409206433
COL_313606,63119.14574266129
COL_313694,75833.39009517198
COL_313703,35224.819405295224
COL_313717,81170.83648630804
COL_313789,20815.52225123542
COL_313791,36723.19189643819
COL_313814,62175.10708492518
COL_314054,63341.457647415235
COL_314055,63341.457647415235
COL_314058,61378.83218263738
COL_314069,23002.242552431035
COL_314170,46124.864391672236
COL_314185,53827.094821961575
COL_314186,25192.960121893142
COL_314187,36515.27366725378
COL_314190,56119.49484682285
COL_314196,37359.94055269608
COL_314211,49129.929150191914
COL_314230,59108.43398574512
COL_314308,27906.596738521344
COL_314419,43597.882583510465
COL_314536,43108.69039504572
COL_314628,50976.07152538263
COL_314746,50509.79163212825
COL_314818,56994.00266561547
COL_314821,57615.27177874799
COL_314859,29675.31807529671
COL_314860,43154.30416780128
COL_314899,62018.28132686472
COL_314907,37085.03667611354
COL_314997,20432.695512429116
COL_315015,136809.69311205146
COL_315135,34754.19866259172
COL_315502,53126.09755094035
COL_315578,56437.50722924638
COL_315599,39791.075308770916
COL_315602,30651.200327102993
COL_315621,52352.37208591396
COL_315652,175331.14422054487
COL_315673,305037.70768393984
COL_315724,19972.49970223427
COL_315806,14036.67360680656
COL_315970,95262.11346873453
COL_315976,26303.88107761456
COL_315977,27159.341654101274
COL_316014,36898.54710446128
COL_316015,55787.95734930979
COL_316017,50657.439968540435
COL_316021,47221.8426359177
COL_316022,37265.369546242786
COL_316023,45963.05743311446
COL_316024,40966.835095079485
COL_316025,48685.5089659561
COL_316150,62553.26181291584
COL_316180,42155.04470184484
COL_316181,36564.913702951
COL_316289,58312.38399711737
COL_316308,33816.69101680312
COL_316323,32527.988665791316
COL_316387,30019.7806684121
COL_316388,30019.7806684121
COL_316389,32715.495681598444
COL_316390,30219.673346579362
COL_316392,28096.776857894383
COL_316423,23122.265176667574
COL_316446,54084.749325111465
COL_316448,63796.105543962636
COL_316562,33768.47490380091
COL_316629,39242.600701795214
COL_316720,60072.36725476574
COL_316897,194279.17822088546
COL_316942,35582.63302715192
COL_317174,38591.18812822436
COL_317405,61928.67992309829
COL_317423,48683.190837152986
COL_317789,34514.96284518774
COL_317930,68952.3814915552
COL_318181,63797.50861193568
COL_318209,68937.7888922224
COL_318336,33681.75938237776
COL_318357,25326.066396774135
COL_318384,45142.85353160931
COL_318425,46251.07625052906
COL_318499,39097.156514695256
COL_318575,61713.229655173214
COL_318696,62393.50779313137
COL_318698,244944.0124888733
COL_318712,52835.260153891904
COL_318765,55447.912977629865
COL_319064,66639.02185743833
COL_319104,43603.025527775084
COL_319163,31096.979869570943
COL_319251,47309.850679698946
COL_319500,46431.42234817764
COL_319542,159694.25849147773
COL_319671,59953.072675954594
COL_319675,50178.82152555305
COL_319987,49341.682259372246
COL_319998,30743.518068853897
COL_320000,30743.518068853897
COL_320001,30322.72192947293
COL_320028,37045.19230408657
COL_320128,69271.54291683553
COL_320171,32609.134928071067
COL_320291,68537.52871297179
COL_320376,104332.09070603004
COL_320430,22112.007234642304
COL_320446,37766.90848561853
COL_320452,36174.269752298474
COL_320470,28471.828344227637
COL_320478,46795.29294115847
COL_320498,47838.55943560853
COL_320518,39312.40294572609
COL_320693,52597.10823785932
COL_320824,69786.75792990165
COL_320905,23109.53854125625
COL_320942,112113.38504742747
COL_320966,38526.12073492914
COL_321061,70325.31534340691
COL_321088,76089.0247989534
COL_321099,60770.65626096677
COL_321128,249813.1382169846
COL_321407,48070.42284740631
COL_321417,57008.256850261445
COL_321427,50972.62175744875
COL_321474,38118.23035621076
COL_321621,33271.795115861285
COL_321670,53762.362065076646
COL_321677,33101.802938434244
COL_321820,32711.2985378306
COL_322106,50232.24695273153
COL_322266,31372.85053642967
COL_322288,64393.98387601979
COL_322290,65452.83296579758
COL_322311,44560.66479500253
COL_322356,47365.57757844359
COL_322378,37290.89966745202
COL_322380,30940.296444059637
COL_322428,87887.58540184583
COL_322436,49995.63423595862
COL_322462,44535.66167784244
COL_322463,25467.103212425576
COL_322511,57921.67190385176
COL_322568,50479.59019432925
COL_322595,40978.50899048396
COL_322623,27022.26962381258
COL_322624,78684.22642266101
COL_322665,59164.69190399687
COL_322676,82355.25983458415
COL_322749,40398.89052346644
COL_322954,34900.899417710505
COL_323025,49919.608926577166
COL_323034,63464.25541867969
COL_323061,50367.80474869192
COL_323075,21263.833994211724
COL_323078,37561.21895557148
COL_323084,39158.699764529345
COL_323247,44769.2561060492
COL_323258,58131.5666232845
COL_323261,68493.15737002536
COL_323330,70476.29821934075
COL_323355,88350.6989693101
COL_323590,35683.81653828682
COL_323647,28947.13298136913
COL_323671,56191.961916697335
COL_323683,315641.75687423337
COL_323882,67933.59019612224
COL_323938,67924.51083015137
COL_324197,101553.79695190312
COL_324268,30287.737168815256
COL_324269,37602.41844371351
COL_324455,121857.50680436044
COL_324459,71165.09917773966
COL_324622,75018.44321122674
COL_324655,38152.07765664461
COL_324779,32726.66355046829
COL_324786,165838.0656957156
COL_324787,154297.50060698984
COL_324926,56496.20959366653
COL_324927,73114.1150593967
COL_324936,27808.461221814086
COL_324940,203234.39063849443
COL_324941,64220.56669952265
COL_325131,75419.74434514844
COL_325182,36619.57930697969
COL_325196,54429.09826927034
COL_325210,56572.29424182617
COL_325348,48397.355570694985
COL_325392,44167.047616187294
COL_325405,66104.65843808916
COL_325545,204435.30052705968
COL_325588,67468.74545456591
COL_325648,72710.29864707215
COL_325649,73163.91120901042
COL_325650,65465.404726388995
COL_325651,74537.10331082635
COL_325652,66092.02499794305
COL_325653,69811.61384629847
COL_325696,63117.6777879221
COL_325699,47981.272220541425
COL_325703,47346.161808374694
COL_325707,56194.92738430795
COL_325847,60016.33268916297
COL_325884,37003.08566072276
COL_325904,64041.813347025156
COL_325905,41175.458842782435
COL_325942,90177.47545820185
COL_325998,178357.1843613856
COL_326043,43533.08928275068
COL_326045,43992.90731600879
COL_326068,48724.15185080057
COL_326108,47814.98603887939
COL_326130,197708.87350887738
COL_326171,46298.66732797242
COL_326268,49001.12716125073
COL_326466,45330.79019277327
COL_326531,37511.80482025856
COL_326680,56705.8349211545
COL_326753,51386.71642882328
COL_326804,61183.64323530439
COL_326997,62420.76919071625
COL_327062,27851.947599148883
COL_327071,24259.073340514005
COL_327138,39557.01923383663
COL_327471,53171.89827831826
COL_327568,24757.347872214934
COL_327627,80763.82577365648
COL_327732,35283.92666541053
COL_328038,163557.46536102446
COL_328039,156904.19308449098
COL_328086,34928.46862136786
COL_328127,73398.22820075789
COL_328128,39245.4390081204
COL_328240,47268.534241204405
COL_328284,53092.37121164002
COL_328358,36460.391822730155
COL_328408,36524.875629769034
COL_328598,48587.545288377776
COL_328785,36587.47299799312
COL_328832,68591.90515879229
COL_328912,42073.22148736142
COL_328916,41403.473917656105
COL_328952,42641.695261552835
COL_328998,45221.579656521804
COL_329153,64426.61558656653
COL_329196,48917.13491357467
COL_329239,63600.33790436875
COL_329262,64896.172015280696
COL_329356,36015.571498338104
COL_329509,64534.42481207562
COL_329554,35451.40759878473
COL_329557,43807.324998981996
COL_329663,42642.35861580674
COL_329708,44269.427770190654
COL_329757,19721.970642427164
COL_329828,65199.90845745365
COL_329829,54556.60027008039
COL_329857,36132.65511173522
COL_330022,48102.93036086533
COL_330075,45759.03361063068
COL_330085,42293.89676924265
COL_330199,83620.85373038212
COL_330234,37572.06238691276
COL_330254,78588.23825537745
COL_330260,80219.43452106592
COL_330277,72622.15892713568
COL_330324,42346.21907329737
COL_330335,27272.92522320412
COL_330474,52776.915336414204
COL_330477,37278.82127003476
COL_330553,59936.870325818105
COL_330624,43138.74382341769
COL_330666,43714.02829746751
COL_331046,82759.4004318316
COL_331047,53762.287609565756
COL_331049,48680.101757014956
COL_331062,198258.2087277613
COL_331205,143022.92056006417
COL_331263,51986.839219175774
COL_331270,41766.226805138416
COL_331278,64847.31833105464
COL_331289,25829.799999446896
COL_331365,69221.4083352804
COL_331412,40265.169795538226
COL_331441,51235.99315714862
COL_331442,47257.40335091078
COL_331466,21612.501399107125
COL_331559,26210.72009753473
COL_331572,56157.8969404718
COL_331601,38978.42865475944
COL_331762,34018.47967498338
COL_332006,30039.906448496342
COL_332433,64096.92649423016
COL_332669,33192.15725144831
COL_332717,20009.09598033386
COL_332726,53857.79487386364
COL_332856,39931.96896817409
COL_332908,241289.5118523763
COL_332909,192947.69987415068
COL_332910,193359.42587235864
COL_332939,66755.19892013884
COL_333190,241017.61049753905
COL_333309,59998.535308985585
COL_333329,34589.751040882016
COL_333350,52865.74039470487
COL_333390,42726.39504217274
COL_333472,51647.453619216954
COL_333473,147701.21628982658
COL_333518,43911.61729949911
COL_333530,52000.265430362924
COL_333545,156038.97964667043
COL_333556,34643.78254941935
COL_333576,31852.718670612336
COL_333736,33647.78771488364
COL_333788,60466.61953386097
COL_333866,38978.737884681555
COL_333867,28980.546690689807
COL_333928,75728.82397830625
COL_333957,30740.256357540977
COL_334037,79507.48694471674
COL_334047,57253.537012377274
COL_334091,155100.7832166241
COL_334183,41796.922811027136
COL_334229,56253.40039728564
COL_334288,169263.01417491602
COL_334468,38654.52496921015
COL_334548,33859.724754526724
COL_334639,33806.92579298425
COL_334741,29511.360307477647
COL_334989,82462.17581500705
COL_335047,53045.236318285264
COL_335092,52788.2020852118
COL_335505,62730.0247353383
COL_335523,42548.55411588552
COL_335574,73291.37065024854
COL_335589,42957.52145255065
COL_335708,74660.45034018229
COL_335714,67235.56403950405
COL_335836,49157.67894922696
COL_336093,46220.502272910955
COL_336095,37125.22365462688
COL_336259,58213.013483942224
COL_336264,32861.820199093054
COL_336267,36928.26127829166
COL_336462,165032.94416795575
COL_336493,67277.45963160365
COL_336495,56882.61699898211
COL_336499,69827.13536171945
COL_336531,27544.62369518997
COL_336685,25446.84182330326
COL_336736,73030.92686875795
COL_336855,35946.96144488406
COL_336874,52204.14480928596
COL_336932,27711.883529734445
COL_336963,173467.2108067428
COL_336967,37598.758964853245
COL_337195,70849.70824360334
COL_337254,78269.37794118635
COL_337273,66223.22071836622
COL_337309,58650.00812465485
COL_337318,33858.50142191314
COL_337346,32768.21955380928
COL_337386,42297.45787377735
COL_337590,28188.000218538687
COL_337593,36171.08157134489
COL_337666,51542.44206582725
COL_337681,52200.8408325584
COL_337895,28759.405700285097
COL_337901,94537.46624325022
COL_337971,57805.98012431576
COL_338002,49991.243114649886
COL_338038,69062.07660196444
COL_338039,66514.91342486622
COL_338276,26001.41154532776
COL_338279,67342.18942361916
COL_338421,26060.290198467286
COL_338506,43264.65884201067
COL_338557,64262.92038127014
COL_338558,53012.63734611459
COL_338559,63593.27640433975
COL_338560,58253.39009000956
COL_338561,59091.42916001526
COL_338562,66991.4809773973
COL_338607,51268.74884086709
COL_338609,43754.75446872533
COL_338673,38916.21974528093
COL_338850,28721.692104395395
COL_338864,54236.33587251166
COL_338944,34107.34326424186
COL_339089,80915.96028471483
COL_339113,38529.94185660974
COL_339428,39815.17174493527
COL_339440,32497.92518490064
COL_339645,23251.061727821183
COL_339657,45746.082221685625
COL_339727,58021.34212264789
COL_339728,58021.34212264789
COL_339729,61868.624677251304
COL_339772,63819.84208808364
COL_339793,47412.63476210763
COL_339822,25486.189967261682
COL_339866,46737.55777918399
COL_339878,115787.51786377888
COL_339889,34221.81853748842
COL_339893,37901.13188928242
COL_339912,75172.92724634327
COL_339987,30689.113243394386
COL_339993,73457.63124150255
COL_340011,58233.954530271556
COL_340117,36285.13777179956
COL_340369,58350.17312901323
COL_340447,90428.29981903639
COL_340462,58867.917268338824
COL_340506,29516.061341606175
COL_340519,92020.10530479734
COL_340520,79886.47244882803
COL_340521,70284.4484231893
COL_340655,516303.19954295765
COL_340657,50293.63441839342
COL_340794,101061.63098362552
COL_340796,44048.62092763769
COL_340898,98716.95820890045
COL_340975,40478.260838239556
COL_340994,61911.442641270565
COL_340995,51733.66235344402
COL_341014,50848.19641889606
COL_341069,104864.13189623303
COL_341070,34774.91870648988
COL_341184,57756.51104373501
COL_341212,46541.20710462681
COL_341220,60700.16808717338
COL_341237,55097.17034313216
COL_341310,62719.00123535392
COL_341351,24473.160754623274
COL_341414,62604.58706283906
COL_341465,45144.461496094584
COL_341487,30951.502949814658
COL_341496,42220.0045319317
COL_341683,40826.3280620746
COL_341692,28628.80915493908
COL_341722,61483.24909744976
COL_341744,52972.454981930976
COL_341762,56631.87954453242
COL_341805,37215.02704922689
COL_341889,45052.76045691584
COL_341936,43186.155166447475
COL_342040,74368.43077586516
COL_342111,72410.31034247632
COL_342208,52198.02089547305
COL_342209,37154.73007785109
COL_342211,54050.430241773
COL_342212,31269.79394593619
COL_342258,53084.95763832536
COL_342326,88078.32342190517
COL_342405,46402.40287088671
COL_342407,47931.889403715824
COL_342425,62665.9178663913
COL_342426,65762.07109262758
COL_342438,79877.9798673819
COL_342505,49809.55660896949
COL_342623,32031.76205235733
COL_342714,71284.31611378616
COL_342734,23869.89766147523
COL_342947,49763.3181735769
COL_342948,34452.978612158244
COL_343030,30436.035313161578
COL_343036,59800.97453941397
COL_343039,32139.116894993716
COL_343047,58704.58975093071
COL_343070,27756.274303698694
COL_343169,154143.20799627836
COL_343269,34817.79829040376
COL_343324,51716.70116231409
COL_343430,23355.302445224326
COL_343527,30739.08702349714
COL_343636,39163.29582533095
COL_343649,45969.0632276373
COL_343852,29092.314629724573
COL_343866,73401.31381311858
COL_343993,67495.56297215984
COL_344179,31889.842860841018
COL_344278,48177.614020437555
COL_344298,22656.681009970536
COL_344312,67240.79104250472
COL_344350,43599.379600171706
COL_344578,92469.10862276428
COL_344772,23653.873935265645
COL_344807,49166.39824953828
COL_344844,29249.842345674177
COL_344845,48547.80474201445
COL_344887,33539.59988995993
COL_344960,44749.644191939515
COL_344969,307782.3310246814
COL_345017,41332.735366604174
COL_345055,37066.55026076118
COL_345062,128764.58543773477
COL_345102,73906.1753029141
COL_345117,139205.29359323691
COL_345119,119044.38791601338
COL_345171,48418.12431360201
COL_345187,70722.91245467532
COL_345195,252956.67804874506
COL_345287,56082.489549024176
COL_345351,44668.53059854298
COL_345558,42737.32856450238
COL_345594,36869.44332292703
COL_345718,49018.48151815237
COL_345723,34493.07225354656
COL_345736,49822.24076957077
COL_345839,37390.28201832573
COL_345884,28517.934033589976
COL_345971,19114.65637776458
COL_345996,52526.20096605136
COL_346013,137769.47104155616
COL_346015,110381.34822096524
COL_346208,62840.21203697629
COL_346276,58059.836242135745
COL_346296,48362.14257104938
COL_346516,66968.51111958045
COL_346518,60620.649143177216
COL_346522,118280.17807534298
COL_346623,62424.8669102134
COL_346677,120870.53531079367
COL_346698,38247.21193477088
COL_346776,57428.89867870924
COL_346813,55962.40056884233
COL_346829,41025.682251056474
COL_346974,58869.50380194691
COL_346975,64669.27405362346
COL_347000,47390.47884180399
COL_347011,83156.93194760199
COL_347186,62449.55896395207
COL_347284,57526.704733138955
COL_347293,43745.26442745741
COL_347332,46836.017862699126
COL_347353,46790.06724000221
COL_347436,94517.06134603906
COL_347488,40695.442015018896
COL_347618,54117.674644946776
COL_347620,30054.26583196464
COL_347621,48461.208892035625
COL_347634,43143.5151360991
COL_347686,49892.06105686408
COL_347694,41854.720023118454
COL_347737,78382.81736364406
COL_347777,57628.82154262733
COL_347852,34331.87195242046
COL_347970,28629.966221908413
COL_348009,31979.567234592836
COL_348076,127509.85906238102
COL_348077,121517.58374582477
COL_348272,63091.391565924874
COL_348274,48913.838783656814
COL_348275,44428.457155693024
COL_348278,39345.26204334471
COL_348281,41711.86311274718
COL_348383,67595.04880690182
COL_348436,28558.1109125123
COL_348447,35158.020660961716
COL_348483,28058.540916921174
COL_348681,69060.36155509857
COL_348731,43834.68091627262
COL_348733,50294.99927805295
COL_348757,73048.86824074709
COL_348893,34092.435031299065
COL_349002,221452.7292356952
COL_349029,81400.14338580977
COL_349110,39215.37337636245
COL_349213,38992.46102134809
COL_349214,35752.91592669778
COL_349215,30158.588883616834
COL_349216,36409.609752810335
COL_349601,31767.86241634824
COL_349602,34756.56388508224
COL_349643,36240.856494267166
COL_349719,75966.73335074601
COL_349774,29014.837982428788
COL_349777,35985.92892810969
COL_350115,41447.250831475896
COL_350169,37215.02704922689
COL_350175,89868.25859125318
COL_350245,38124.554622488016
COL_350246,42240.56847394859
COL_350338,59954.076759408104
COL_350353,37186.2240280973
COL_350357,73446.10407922298
COL_350456,38145.53567845938
COL_350457,28323.403219046813
COL_350458,50042.51962888477
COL_350459,45173.20697657235
COL_350476,32795.39384858644
COL_350497,624058.5315376489
COL_350564,653344.9567138084
COL_350594,61943.81487875302
COL_350743,35849.57030592185
COL_350761,186260.3248198048
COL_350762,217510.62446165681
COL_350764,130413.30929076715
COL_350784,55181.17865533985
COL_350851,54812.95089733703
COL_351049,45183.54864849072
COL_351088,747401.8648153016
COL_351213,64129.86293052663
COL_351274,47564.711697519066
COL_351380,11464.649212904415
COL_351688,36219.71764033896
COL_351715,51556.47984722327
COL_351762,66964.73485761086
COL_351901,62245.49292250816
COL_352368,127582.46072161502
COL_352392,60548.26822383622
COL_352397,57369.21257855256
COL_352422,191872.48105722308
COL_352637,28756.932252352457
COL_352991,62090.611221273815
COL_353024,58361.57492229003
COL_353028,31813.105625214266
COL_353059,37431.791794983284
COL_353225,61052.347759652504
COL_353243,35728.42541716898
COL_353323,25637.554224107345
COL_353376,40854.1667239494
COL_353452,70805.8128392919
COL_353740,36489.39913864747
COL_353741,49699.114411465634
COL_353798,49865.929276503695
COL_353848,59587.31130358298
COL_353860,30560.619344514584
COL_354005,60833.55481585853
COL_354013,36511.26424058848
COL_354017,31192.511105087706
COL_354058,72247.10085293115
COL_354370,57803.2870310473
COL_354379,64386.84232643472
COL_354384,31244.56730298944
COL_354401,37968.23117298565
COL_354414,43255.29225586465
COL_354422,54738.44061951182
COL_354535,37670.811024640185
COL_354630,57458.41583899575
COL_354696,53126.09755094035
COL_354775,78583.09231111647
COL_354795,28518.97347498743
COL_355174,43093.70409206433
COL_355178,23397.55925466606
COL_355241,57150.77823966691
COL_355242,58144.08912609975
COL_355332,63330.836947027514
COL_355356,71908.34363583093
COL_355412,88609.34148753932
COL_355457,30376.51804410396
COL_355532,35108.054775795616
COL_355579,200304.15949285254
COL_355627,56868.433651052655
COL_355640,125560.42529312859
COL_355642,55937.530958576164
COL_355643,48096.13667121014
COL_355644,62894.57004375905
COL_355702,112670.67188930295
COL_355851,31639.136108304534
COL_355942,33474.042200709504
COL_355991,47803.604699050054
COL_356015,29396.16528286716
COL_356199,63628.762331085876
COL_356201,61017.50825777373
COL_356441,627240.7108753115
COL_356469,47481.642992112706
COL_356497,50964.877515132684
COL_356528,69843.26074733825
COL_356531,62232.48084385968
COL_356616,38039.735430863606
COL_356638,49663.72928431172
COL_356826,46146.68515311901
COL_356832,61697.98647915502
COL_356954,41048.68433342534
COL_356964,7764.112955002027
COL_356974,26246.09670547023
COL_356984,23528.061184146143
COL_356999,24608.450640002015
COL_357040,97773.1762387339
COL_357043,50747.49659775528
COL_357044,48995.459102850626
COL_357159,54591.01929945201
COL_357177,88766.63521060979
COL_357179,93427.49368196906
COL_357180,102769.14227249411
COL_357214,35841.38280501846
COL_357243,54739.74386264701
COL_357294,335146.4585913315
COL_357296,52175.13131326484
COL_357328,23119.02697447686
COL_357329,20820.372569266747
COL_357331,20820.372569266747
COL_357591,42051.042802932934
COL_357674,64130.68930657873
COL_357819,53201.147265333486
COL_357939,32013.463615016135
COL_357974,50506.00796571925
COL_358084,54388.880336007685
COL_358132,47579.085426718855
COL_358232,32502.632825219935
COL_358276,51509.25549153798
COL_358345,73009.37539078547
COL_358346,77177.99386041804
COL_358399,142156.07868702826
COL_358409,53237.600471665464
COL_358650,52670.78435580613
COL_358680,38524.49784043076
COL_358681,43654.20659039757
COL_358684,41742.450425815136
COL_358785,53452.62709015783
COL_358809,37966.659297348495
COL_358838,48895.362222752745
COL_358860,46659.82846030652
COL_358903,13880.439890970058
COL_358918,59149.69966954115
COL_358919,51996.78117246865
COL_359017,113038.20836150201
COL_359184,66682.03077548521
COL_359231,45287.04860455463
COL_359287,66564.9356469844
COL_359445,31192.9651499052
COL_359491,62929.23669860679
COL_359659,73115.7784824511
COL_359709,18032.35386328633
COL_359737,60884.032670187975
COL_359790,54117.823093853
COL_359919,47247.83796508713
COL_359952,44306.635882905684
COL_359998,39226.56992150691
COL_360122,46589.41536851777
COL_360130,52140.355538888856
COL_360208,39635.657223367394
COL_360271,37818.177462366235
COL_360276,32501.317108082054
COL_360277,47556.71678990724
COL_360356,32321.85705954968
COL_360445,71600.93495459507
COL_360564,45092.41309362589
COL_360668,33260.3851664399
COL_360703,61545.07064220989
COL_360822,54865.37947028893
COL_361154,61260.202169063676
COL_361255,99830.1618884883
COL_361394,46386.6919048941
COL_361459,40273.05821566965
COL_361605,38694.29434112829
COL_361689,47329.01922002008
COL_361827,58691.42181237637
COL_361842,65437.67199466628
COL_361905,228921.68112533513
COL_361973,140250.83706274768
COL_362013,120164.13281228003
COL_362046,32243.943514094124
COL_362150,44437.498517500004
COL_362151,45267.95021269507
COL_362152,37926.13297639504
COL_362153,36251.038630716015
COL_362154,30359.37536439013
COL_362229,42742.46385539457
COL_362246,231055.54640728133
COL_362248,233239.6952291227
COL_362262,36257.44740020368
COL_362294,156442.42766544654
COL_362348,50765.49419428895
COL_362497,75116.85701647686
COL_362498,75630.97675380282
COL_362499,53104.857829588895
COL_362500,58936.70406733357
COL_362501,62822.34397274977
COL_362502,41562.552918481866
COL_362503,43105.47904671703
COL_362504,64112.18122753845
COL_362505,59339.5832847749
COL_362506,66061.80258509233
COL_362507,58160.14173448183
COL_362508,62338.21957990339
COL_362583,46144.648445503364
COL_362707,40295.02131698887
COL_362717,54791.113342161676
COL_362999,31280.939412359734
COL_363073,40280.23705480408
COL_363180,24854.351727772453
COL_363332,28177.479857651135
COL_363375,59017.98717142375
COL_363376,57766.4774736674
COL_363408,80156.0595914493
COL_363479,40411.309028788215
COL_363480,58916.75527614667
COL_363826,53911.84715544185
COL_363911,59509.09481527778
COL_364047,102794.00074196771
COL_364051,42406.78242367314
COL_364053,43148.34677006159
COL_364201,26162.076750598786
COL_364302,39464.66650823611
COL_364411,57887.264631907005
COL_364507,54162.82785507447
COL_364716,47509.103674301805
COL_364810,43848.095646347494
COL_364830,61784.76900816231
COL_364885,28377.866430605354
COL_364889,25894.43240947393
COL_364994,76220.50648501914
COL_365066,47253.340797222634
COL_365439,51494.570570944954
COL_365528,42595.25956334502
COL_365550,38334.72425097774
COL_365615,252934.2783566494
COL_365632,189812.72563654598
COL_365671,17871.92605548089
COL_365899,60688.251103353396
COL_365987,67924.51083015137
COL_366038,66914.11978756182
COL_366048,49472.4850947807
COL_366184,55205.459851114596
COL_366254,166225.58040956964
COL_366349,52094.85247867354
COL_366512,39553.77316666226
COL_366696,48871.737218157265
COL_366865,48783.08405700812
COL_367190,37761.771057003694
COL_367202,61461.377234217885
COL_367213,58076.99356339938
COL_367229,43597.873533341524
COL_367256,55620.257702859075
COL_367288,54594.949122534264
COL_367318,56089.54592840933
COL_367362,49979.97900311378
COL_367381,29530.536848036314
COL_367407,55501.336568019
COL_367515,42057.96564999951
COL_367614,33900.32762950323
COL_367646,19070.91296965671
COL_367648,40876.92877431518
COL_367807,62992.25906887903
COL_367808,62333.079898515534
COL_367889,51588.08127553487
COL_367998,53894.47971841768
COL_368007,172051.168201742
COL_368014,38265.64620731502
COL_368023,45569.38769535224
COL_368040,39610.80564110344
COL_368045,57933.471283992745
COL_368104,67301.87463587802
COL_368389,44140.83385146237
COL_368391,42309.10501119586
COL_368397,43680.18245357762
COL_368411,22078.011119046303
COL_368415,65679.10966825864
COL_368444,59892.071084446536
COL_368452,64551.3372477918
COL_368453,51542.44206582725
COL_368606,45762.30052079909
COL_368697,55956.97399680525
COL_368754,39908.91185329005
COL_368783,24669.731389448345
COL_368824,31091.236703679464
COL_368829,45915.541651486885
COL_369107,38503.595800570736
COL_369112,47824.98562877985
COL_369173,53025.52043707747
COL_369210,37971.04055726324
COL_369256,59567.73636686814
COL_369278,45078.64213937352
COL_369313,46942.26738387963
COL_369325,64106.18085772657
COL_369342,49441.40768930102
COL_369376,58070.800628176636
COL_369391,46553.278475015904
COL_369476,60150.02235645661
COL_369546,37143.17727459217
COL_369589,63538.64964389675
COL_369645,56160.672800170876
COL_369668,63601.49581250096
COL_369718,54923.87911923761
COL_369721,73333.46906689624
COL_369751,57410.29021283805
COL_369882,54544.631796022644
COL_369926,39388.41810997231
COL_370048,47577.09555152256
COL_370103,60671.872035149354
COL_370147,45635.567481104874
COL_370197,172298.29075225728
COL_370225,36032.13251347432
COL_370443,55077.43678421815
COL_370450,33883.09418514727
COL_370459,230725.19187763002
COL_370464,49516.60469870338
COL_370662,65407.03540258349
COL_370698,48468.948819828816
COL_370735,58724.198894722045
COL_370805,62939.56392510492
COL_370808,42005.830899448876
COL_370830,53584.856994653084
COL_370924,25555.15757738625
COL_371007,41207.84793289323
COL_371017,42922.5563022064
COL_371052,52284.172212079524
COL_371053,48576.894987565196
COL_371091,40358.24602494435
COL_371132,31215.222339405536
COL_371154,36539.369283103115
COL_371167,35246.36978090766
COL_371424,44319.58185124029
COL_371437,59353.93936098316
COL_371438,26714.55948851659
COL_371439,26714.55948851659
COL_371519,51387.93501820783
COL_371520,89408.49847185894
COL_371524,57055.19609756359
COL_371544,58534.64525835529
COL_371597,215373.71536160485
COL_371613,51862.75898546622
COL_371651,278205.9810116628
COL_371663,217481.20406209124
COL_371669,196897.52389041183
COL_371678,83266.81132172578
COL_371685,38378.092757157916
COL_371692,48903.06582226614
COL_371738,26399.74101643335
COL_371773,139181.72410755034
COL_371787,88858.1930065426
COL_372293,63498.44544067715
COL_372323,51595.20869938675
COL_372367,63336.642328086135
COL_372424,43700.49184897683
COL_372425,51572.93159506076
COL_372443,134391.51949408714
COL_372456,61513.30492255535
COL_372498,59106.588898448295
COL_372559,29471.518112243895
COL_372561,45179.34429206275
COL_372592,73775.54214037742
COL_372593,59669.327408321624
COL_372603,171215.13761603797
COL_372619,54933.20019320289
COL_372713,52268.679971245256
COL_372777,53349.30662906369
COL_372803,71012.4033981
COL_372841,84453.1936033576
COL_372873,40256.87052605873
COL_372875,81130.43737549175
COL_372902,60232.316885772154
COL_372920,50400.145268094566
COL_372930,184821.47549506885
COL_372932,204847.0190453141
COL_372945,176251.6291211567
COL_372969,66050.07452975643
COL_373027,22789.870363877486
COL_373071,67896.48039527715
COL_373075,53959.68080399552
COL_373101,55842.49483392386
COL_373105,51846.86222854798
COL_373106,49444.64927808469
COL_373107,44212.13299911789
COL_373108,45783.72831027838
COL_373180,33555.27115030693
COL_373195,259562.77055772627
COL_373197,237553.9850862459
COL_373289,60132.07335448091
COL_373291,37043.02736410903
COL_373414,43139.97514891684
COL_373415,59971.73005048486
COL_373441,69647.48636521341
COL_373467,51277.06442175259
COL_373522,56532.465393278755
COL_373627,48269.140441628595
COL_373675,273875.35605439404
COL_373917,51341.83586154608
COL_373938,290877.6766367337
COL_374058,39974.33291714601
COL_374154,191910.19107734808
COL_374182,39158.699764529345
COL_374183,64525.3886394944
COL_374232,62246.842126692296
COL_374272,58396.02599788899
COL_374299,33035.163324154455
COL_374416,33216.47615894572
COL_374494,41535.94016682506
COL_374515,60533.65752471189
COL_374570,78245.26078552057
COL_374858,21972.010310809732
COL_374867,25101.16389829816
COL_374899,56130.79345646449
COL_374955,42508.90741159002
COL_374975,50798.33746803803
COL_374997,33011.33474101191
COL_375026,36752.51776032938
COL_375033,25805.553676350315
COL_375103,46526.6827262171
COL_375118,40540.55611760429
COL_375119,55145.50915840134
COL_375120,51743.191816000064
COL_375121,42794.447973134214
COL_375183,58788.20241091633
COL_375452,51277.134514180194
COL_375463,60212.637935034734
COL_375672,39268.74189432487
COL_375673,34669.57944585872
COL_375716,150108.67420451465
COL_375781,37382.71457944808
COL_375859,42046.35695858229
COL_375888,49761.256560765854
COL_375893,198075.66547859344
COL_375899,34264.44024962399
COL_376021,45126.341352186544
COL_376102,140306.34563319487
COL_376206,34852.83615755362
COL_376211,52373.70586394463
COL_376366,158778.4485709301
COL_376367,141931.01700937792
COL_376368,48563.57104548877
COL_376405,55187.508739319695
COL_376443,135960.43591811234
COL_376475,46470.41151319263
COL_376477,49620.29720905673
COL_376499,125543.43121942358
COL_376500,121438.63224592683
COL_376524,32929.867636720635
COL_376613,36311.492038296354
COL_376661,56458.922415793735
COL_376674,57724.31129982013
COL_376690,19573.122895290082
COL_376712,54353.957857535344
COL_376778,35165.35261823976
COL_376800,47484.62939476137
COL_376801,31507.776881501562
COL_377066,25637.89630026979
COL_377074,32107.895253190392
COL_377093,45435.207670902346
COL_377113,20976.80048144497
COL_377118,55784.30522092759
COL_377131,57267.73923952576
COL_377356,27053.200870523862
COL_377543,35783.91894807492
COL_377546,36287.31202911404
COL_377548,52001.578377293925
COL_377689,112799.59570210792
COL_377713,91224.26364944834
COL_377714,86436.19094861986
COL_377715,47515.625160723175
COL_377731,46832.11126691057
COL_377732,160230.02943394455
COL_377910,45926.46632199626
COL_377931,58077.17461242267
COL_377977,18447.33532740507
COL_378088,40090.36265374661
COL_378144,45972.69000645911
COL_378155,34373.18099357181
COL_378170,65166.72374958921
COL_378178,44317.640181416
COL_378194,39823.37060539593
COL_378195,127822.74790321446
COL_378227,27113.514362928912
COL_378236,65234.36964707587
COL_378342,115728.19747126607
COL_378364,41382.43680297205
COL_378406,33457.03056195955
COL_378444,52609.61033857207
COL_378460,33481.74017660935
COL_378506,42153.46460195945
COL_378544,32314.31197197067
COL_378740,43393.891296861104
COL_378743,31065.691521694684
COL_378846,34920.89803249343
COL_378872,43027.33984988608
COL_378873,170069.33927373358
COL_378880,49530.25991034278
COL_378885,36508.37939834498
COL_378904,41712.836481998216
COL_378971,43067.60920955455
COL_378972,47883.55851059084
COL_379131,57265.92476552967
COL_379199,30456.89062231662
COL_379283,39623.112494015826
COL_379294,28685.75940690807
COL_379338,63223.0377927948
COL_379341,69613.50643820148
COL_379374,244276.51379215988
COL_379401,29196.644382137212
COL_379549,46396.44110485413
COL_379551,25677.243686958955
COL_379552,43282.879615385275
COL_379553,47998.13370462597
COL_379554,42258.592467315546
COL_379555,38923.41141653323
COL_379572,123295.9298901737
COL_379670,30524.633828170216
COL_379673,40509.50359936516
COL_379680,79608.2518131181
COL_379744,54327.90787133022
COL_379766,33411.54693113883
COL_379823,24274.65738752305
COL_379827,68996.51815307503
COL_379833,43177.76430871489
COL_379915,23387.51568291927
COL_380084,55265.03968398226
COL_380212,41431.14048031365
COL_380276,57055.505715764
COL_380379,40302.62954641912
COL_380404,52713.69446944093
COL_380433,61514.41474742731
COL_380581,37963.270490280505
COL_380583,74601.44229697518
COL_380584,62344.41263113676
COL_380676,94413.30406864392
COL_380727,157617.38165712619
COL_380729,24477.70399941527
COL_380779,55697.75975466609
COL_380849,35221.63108996372
COL_380889,33050.51350701694
COL_380920,35854.99632674002
COL_380981,25214.517886414837
COL_381005,57820.120425420246
COL_381044,43853.1863441704
COL_381093,44788.82352770045
COL_381129,51940.82309284526
COL_381130,90235.35409459309
COL_381131,177741.0850283265
COL_381133,58961.51913590039
COL_381134,52395.19408289959
COL_381135,51246.86107175822
COL_381189,42399.66611055678
COL_381190,54506.73135221632
COL_381202,35830.5119194191
COL_381203,36004.3274941252
COL_381204,35830.5119194191
COL_381231,57783.4793023683
COL_381295,25472.633934849135
COL_381296,26148.926224515577
COL_381371,38657.588751643154
COL_381445,49157.67894922696
COL_381470,43605.28290461848
COL_381567,52705.42357610696
COL_381672,41434.34929027285
COL_381741,27317.725602162787
COL_381885,50735.89116303817
COL_381909,49942.674688216845
COL_382242,63556.927270296714
COL_382342,62934.35842129524
COL_382345,49354.20084877869
COL_382539,57450.310759530854
COL_382709,44799.86710119002
COL_382788,34898.472383841836
COL_382792,76643.39435798595
COL_382995,52517.28841521457
COL_383020,57924.22678959541
COL_383043,47015.38572342491
COL_383046,52032.228951237776
COL_383264,173878.16604077106
COL_383272,54990.795347092055
COL_383299,55836.21350536795
COL_383308,32936.67035093781
COL_383393,40763.39134634075
COL_383454,59229.32666253565
COL_383480,59012.38075155238
COL_383482,42864.42897754294
COL_383558,69247.20065822404
COL_383684,61358.218932142285
COL_383726,30359.34378370863
COL_383773,80052.48388119526
COL_383810,47095.72678526632
COL_383855,69129.89362567877
COL_383866,60671.27483483407
COL_383966,42339.77208108188
COL_383981,33162.7563244385
COL_384006,40637.67008754207
COL_384016,35130.42344944215
COL_384022,91497.77411622507
COL_384106,74531.13111435708
COL_384116,228674.35320372926
COL_384222,140318.86545348476
COL_384231,57011.47706774629
COL_384295,78156.54355863664
COL_384325,58168.61474822133
COL_384362,43477.62422798166
COL_384398,64733.65652033527
COL_384499,46219.93689245787
COL_384636,113651.40295627239
COL_384650,32332.949815346034
COL_384670,70103.21984077904
COL_384718,47901.69904381687
COL_384720,102960.64484033323
COL_384721,107761.44878748126
COL_384722,97574.44771576404
COL_384723,100277.50073559405
COL_384724,93052.79165360192
COL_384725,86021.76906663824
COL_384726,98880.48559612443
COL_384727,75786.14927858998
COL_384730,26364.985656976914
COL_384743,39642.07496728306
COL_384801,53265.966054847944
COL_384841,123449.18641980994
COL_384884,46323.239011255704
COL_384916,28579.1633710326
COL_385075,44037.36350706699
COL_385133,45466.94842987496
COL_385148,47753.61112074126
COL_385149,59480.317463877254
COL_385150,47113.38396258932
COL_385159,54892.80774981414
COL_385204,76559.76301498042
COL_385211,23752.118030788617
COL_385220,63334.49133965263
COL_385264,51861.03797456223
COL_385312,41537.08244198336
COL_385327,48595.24110820259
COL_385345,45509.9408234384
COL_385371,34332.40856666954
COL_385388,25939.95070869809
COL_385489,20741.153933662306
COL_385511,33510.06614479603
COL_385541,165852.1375716796
COL_385575,136399.88517951142
COL_385576,48167.81522297488
COL_385683,56621.91627147323
COL_385739,35124.578565801865
COL_385814,44030.265668943095
COL_385828,196747.42329678521
COL_385939,34447.23326258234
COL_386160,60626.90285123726
COL_386195,70871.758398268
COL_386279,68098.9967806105
COL_386331,55774.06735667276
COL_386767,52271.18519000608
COL_386784,64162.46657326521
COL_386857,22622.60269614983
COL_386871,57275.10752106179
COL_386878,62641.51018266647
COL_386926,41773.643761058265
COL_386954,46795.29294115847
COL_387107,62025.08132872788
COL_387125,12997.04949044166
COL_387135,124673.90627694756
COL_387155,51100.160000757176
COL_387163,50052.88117862478
COL_387211,46985.98582736324
COL_387222,45823.07627094887
COL_387276,26507.179759466468
COL_387277,42770.11522963553
COL_387280,58827.05844441397
COL_387304,43434.619355618364
COL_387357,34908.94642241322
COL_387381,48022.88253576
COL_387425,144230.1986532259
COL_387426,175620.1202901725
COL_387452,178693.06457873687
COL_387541,193429.07841806987
COL_387600,29446.570290077252
COL_387837,35889.98352926858
COL_387921,40713.98246387956
COL_387922,182612.47878658577
COL_387925,83976.86469525703
COL_387934,53586.996152716994
COL_387935,42717.51274435977
COL_387937,52683.765817963955
COL_387947,26533.649318096115
COL_387952,59941.60655852149
COL_388150,78164.15835156289
COL_388157,52724.01529532331
COL_388176,112302.40645469223
COL_388178,50336.78773120373
COL_388246,80716.97828251045
COL_388315,55712.61365146597
COL_388325,42908.462770779974
COL_388360,63838.1074796183
COL_388403,81183.25612879779
COL_388416,44406.69874516016
COL_388433,66546.65841700947
COL_388447,48458.00103261399
COL_388465,18956.09331986203
COL_388500,49881.57152041271
COL_388505,67819.40856829079
COL_388507,30416.542369576688
COL_388578,51938.45539220832
COL_388589,51264.420336593685
COL_388651,35092.58370784893
COL_388675,36648.770082668714
COL_388732,51241.25055609882
COL_388790,41683.4405065834
COL_388863,54285.35906628472
COL_388911,47219.0089554887
COL_388927,60925.007489237985
COL_388962,48076.80953277176
COL_388964,67227.46008464979
COL_389021,177940.3748087867
COL_389080,58980.08938958971
COL_389139,89082.82568309805
COL_389140,74562.4218289494
COL_389175,37918.697689256915
COL_389176,46264.38243760952
COL_389230,70645.36431347493
COL_389264,71516.14247954809
COL_389373,74174.76049100241
COL_389408,229829.77142678993
COL_389425,74876.81090170008
COL_389438,29750.904384373214
COL_389459,57841.36946221894
COL_389488,25340.27146873375
COL_389576,68271.53300174365
COL_389663,65661.55844250805
COL_389787,74537.95990707666
COL_389803,54919.12627531424
COL_389884,59208.64296740947
COL_389891,45245.25708058467
COL_389905,109673.85513378821
COL_390149,67819.11715681427
COL_390150,46268.283959826185
COL_390151,46268.283959826185
COL_390152,70678.92966956588
COL_390176,34374.317248556916
COL_390177,53820.82902002868
COL_390178,34464.89823114533
COL_390179,34533.053066876404
COL_390180,40567.06611174219
COL_390181,42613.8884579036
COL_390237,42215.58752086837
COL_390259,58932.26569757765
COL_390270,43423.73244061
COL_390312,67873.52342668944
COL_390313,67873.52342668944
COL_390320,72244.85821959276
COL_390321,66145.56496369402
COL_390322,81848.79808284549
COL_390390,43817.72987761372
COL_390394,28130.65262824687
COL_390447,44683.08198143278
COL_390474,49157.392169015235
COL_390485,56767.327654336965
COL_390656,39262.58283661303
COL_390675,52459.31981229616
COL_390720,50709.76677981252
COL_390759,47789.233484997705
COL_390760,55473.591679909754
COL_390761,224644.14645708236
COL_391004,62516.507545838984
COL_391012,80787.195770608
COL_391064,172503.66242658434
COL_391101,37822.1060456487
COL_391115,48487.12442434327
COL_391171,39421.71279549086
COL_391285,59635.33512037985
COL_391330,48691.55666618889
COL_391418,62245.49292250816
COL_391464,42648.90056098288
COL_391466,30624.634076205995
COL_391556,34904.9395364866
COL_391648,21125.311157043507
COL_391650,29114.38262674987
COL_391754,23074.5402394558
COL_392218,71788.51333729018
COL_392243,68026.39276973916
COL_392279,32291.958320593636
COL_392303,36995.785353077794
COL_392497,44111.00400490065
COL_392554,46984.00603085293
COL_392663,38674.25723738218
COL_392737,31600.566737132078
COL_392878,31761.964654667692
COL_392908,29659.530879698617
COL_393015,46396.42542608174
COL_393045,62448.9888462331
COL_393092,65578.30768827627
COL_393145,40889.37298311894
COL_393278,61273.758923346
COL_393287,21693.787490610655
COL_393363,45082.08823580315
COL_393454,48343.844589187975
COL_393463,36495.61492028934
COL_393493,70045.52371609712
COL_393543,107595.57766064674
COL_393581,52441.28402645266
COL_393625,68188.87371073963
COL_393647,26788.751448989737
COL_393648,40262.15661777806
COL_393761,33824.88571505972
COL_393770,163064.09996901595
COL_393784,194813.8373850586
COL_393830,173568.040905426
COL_393834,188880.6415653293
COL_393843,115605.52289380757
COL_393924,28069.108757294554
COL_393930,60658.81729559091
COL_393931,49690.852153909706
COL_393953,46002.05002783494
COL_394142,45766.580100390725
COL_394224,115683.95818054616
COL_394448,64751.75188875307
COL_394726,59722.09581952584
COL_394737,40024.485101710394
COL_394738,38684.06384110789
COL_394764,248764.74621387225
COL_394777,28008.567827456616
COL_394783,36732.322540565685
COL_394811,102169.88571612598
COL_394849,80484.3721398978
COL_394857,63674.575665154385
COL_394922,46420.277375031816
COL_394988,38225.838290427506
COL_395063,69786.75792990165
COL_395135,53521.662124706214
COL_395184,75177.38104974548
COL_395191,32427.651821761352
COL_395196,56854.64400046693
COL_395197,46402.40287088671
COL_395209,43198.87022232273
COL_395214,57105.745847410435
COL_395226,86861.61724942923
COL_395281,235351.96568606392
COL_395296,28673.32168512865
COL_395344,42814.430285985676
COL_395573,63404.30615839412
COL_395574,63713.21996069296
COL_395608,32861.395381836846
COL_395713,27220.313800386128
COL_395714,36733.76559445213
COL_395715,34759.519462938806
COL_395717,48312.22865807964
COL_395718,48709.416810480434
COL_395771,24907.772882537945
COL_395816,349819.5627323156
COL_395841,58118.48298890747
COL_395898,48146.23043816198
COL_395904,70849.70824360334
COL_395929,77770.93151535695
COL_396047,159694.25849147773
COL_396072,46378.46094543771
COL_396104,240528.86311036602
COL_396114,46486.83035373686
COL_396161,22162.015928887035
COL_396162,27779.595404944157
COL_396197,62640.47963169859
COL_396213,40584.57812311086
COL_396366,37295.14510867798
COL_396368,38203.327319870536
COL_396373,28287.353580435436
COL_396385,50286.10488556173
COL_396389,56673.264680357555
COL_396399,52579.137926349584
COL_396434,79553.49525999276
COL_396522,57981.13242192513
COL_396536,51655.07011399748
COL_396544,43264.205509123974
COL_396605,60370.176332953226
COL_396766,55795.54984379997
COL_396828,56492.5527370694
COL_396833,35695.87979648215
COL_396838,25034.609651909373
COL_396937,57487.05813079455
COL_396959,60123.28912623553
COL_396960,77995.73782709145
COL_396961,59890.38239770288
COL_396975,40612.44069704397
COL_397004,65316.29704042769
COL_397068,60241.928147815575
COL_397220,61241.35114416107
COL_397251,62622.21739252354
COL_397387,25096.677341073962
COL_397408,221434.42394695018
COL_397515,277029.86660711234
COL_397613,57759.49981937371
COL_397736,42915.450266651984
COL_397747,71694.35496303701
COL_397860,69360.19442230763
COL_397875,22466.459213306895
COL_397928,75180.78493532242
COL_398072,56479.569233194394
COL_398073,66914.14533454156
COL_398193,44294.850893769166
COL_398230,58350.57458149221
COL_398232,76947.75986933187
COL_398238,53771.60811555801
COL_398375,30133.864330466775
COL_398381,47256.37485927197
COL_398395,45995.85405360321
COL_398412,39725.65473056276
COL_398466,49839.02217950259
COL_398494,25989.298642016514
COL_398545,29302.346714100113
COL_398781,63833.81367695838
COL_398819,50099.090210199465
COL_398836,68646.92406025952
COL_398868,197459.75939256276
COL_398879,72107.13227104947
COL_398902,36511.91344429569
COL_398904,62297.29221766769
COL_399019,30545.699358387265
COL_399049,55757.00875699038
COL_399059,37053.94499027606
COL_399127,119805.45031684093
COL_399459,54380.09918378429
COL_399529,36120.1724633049
COL_399530,36326.437489659904
COL_399886,65488.396924331224
COL_399931,38862.9625270194
COL_400024,74148.6377139761
COL_400104,61156.3993412953
COL_400156,35051.27922284463
COL_400161,59904.26572607672
COL_400207,48981.00518503927
COL_400215,50464.52466990559
COL_400271,57973.88907201394
COL_400272,57884.60306705402
COL_400380,34452.978612158244
COL_400422,21452.91081468965
COL_400487,54257.71329264186
COL_400545,72481.11812907271
COL_400546,67357.5383966202
COL_400549,73333.34766801319
COL_400554,70565.0649799845
COL_400610,48307.37572962358
COL_400630,36835.68872122551
COL_400640,57762.66826075829
COL_400645,72675.82506419426
COL_400652,33485.44671830285
COL_400802,48919.13788623137
COL_400811,47415.6366271826
COL_400840,62254.55939175933
COL_400904,68157.48041449736
COL_400940,260949.20194755372
COL_401007,43144.7997749177
COL_401013,45666.09979298788
COL_401269,40517.45676879248
COL_401392,198194.76439094293
COL_401419,105099.40852680874
COL_401547,29667.7494927948
COL_401587,128419.18144177878
COL_401661,86271.19618129618
COL_401705,53530.75773124956
COL_401767,55196.84782579413
COL_401797,46357.3710152029
COL_401868,52880.16131365108
COL_402016,36533.52196472114
COL_402348,24972.080693034328
COL_402421,50480.904033147075
COL_402474,43077.38965052236
COL_402475,128135.35225354343
COL_402507,22502.60475550754
COL_402530,58109.70153928371
COL_402555,46946.762097146384
COL_402739,164828.8661388795
COL_402789,40657.388025529806
COL_402795,45976.71471079445
COL_402894,33854.66422774187
COL_402928,55840.39762292624
COL_402934,63135.37951062694
COL_402936,65144.01561173162
COL_402957,61003.66194087176
COL_403052,46045.553341046194
COL_403101,65569.89763211033
COL_403137,77046.81358798499
COL_403139,48696.40659746699
COL_403160,47826.0355121856
COL_403161,51131.80099644506
COL_403162,57208.96889876617
COL_403165,54081.37118523711
COL_403242,34616.732572154026
COL_403418,37840.701841990856
COL_403560,53336.64254695856
COL_403564,49955.97922204468
COL_403610,45012.29024108711
COL_403634,89416.41374795092
COL_403737,67179.64425601711
COL_403848,70791.69363840698
COL_403854,51491.4670352509
COL_403937,84555.54260116674
COL_404130,175430.6389185189
COL_404143,53833.51889167218
COL_404183,32143.27021868403
COL_404215,55595.99637239181
COL_404333,92360.69067523605
COL_404345,41137.44940886478
COL_404438,76981.54487984846
COL_404439,51233.16976982817
COL_404491,246675.1416515629
COL_404576,24583.246547813957
COL_404620,32532.996291006748
COL_404651,36258.35385706243
COL_404736,25954.090796289172
COL_404745,46237.51093709685
COL_404784,56027.16784365058
COL_404872,60741.11465494536
COL_405059,65630.7177689671
COL_405127,32243.943514094124
COL_405143,64406.79410194526
COL_405156,55346.3939780036
COL_405235,44855.300918983405
COL_405303,49704.396029804484
COL_405345,69942.85851873284
COL_405398,67468.31837201289
COL_405399,63226.142338080535
COL_405507,46601.82022033422
COL_405529,67187.111102118
COL_405658,88728.68450896064
COL_405666,44536.05109271677
COL_405711,50559.51441789261
COL_405811,44814.16589584686
COL_405951,31332.630347528397
COL_406025,93837.78117538836
COL_406081,83998.77508020995
COL_406092,83029.92390934312
COL_406116,36529.89536858881
COL_406145,39729.63512910943
COL_406171,56754.46533002086
COL_406232,41823.490296338736
COL_406234,45789.72878558836
COL_406275,60029.34354904832
COL_406276,66234.56521089913
COL_406277,60166.238549384594
COL_406278,75341.1279656536
COL_406279,65377.36602463556
COL_406291,36598.667277722016
COL_406380,64494.83104779905
COL_406471,58075.600175522304
COL_406524,38263.07171379551
COL_406525,36563.967229517126
COL_406577,49441.79190907104
COL_406642,172823.6378434691
COL_406698,67102.58517255471
COL_406765,13347.776231352143
COL_406819,59723.28307443148
COL_406981,77607.72660448459
COL_407017,48726.303445606776
COL_407064,35374.88046039352
COL_407236,179435.27258060084
COL_407262,72991.45170878027
COL_407274,114575.09350050823
COL_407301,55253.61420277526
COL_407334,35314.61748612273
COL_407372,45731.86950708172
COL_407383,38515.4550018208
COL_407391,55080.573089747995
COL_407415,31855.717606058122
COL_407480,61136.23474795218
COL_407570,210064.43533296094
COL_407627,35950.24216717924
COL_407634,105895.43679105687
COL_407635,100643.97753991841
COL_407683,32652.860243112227
COL_407899,75416.03166444556
COL_407927,50167.91980350931
COL_407936,51435.80993665893
COL_407956,41754.293587344626
COL_407969,30291.723990417264
COL_408007,30388.949289579436
COL_408026,53306.110076335506
COL_408056,38251.120994014476
COL_408156,72018.91356603566
COL_408157,53753.94984933352
COL_408181,51989.96895370391
COL_408230,43452.96369423405
COL_408276,65039.250323014785
COL_408313,43833.74039932593
COL_408317,37948.83346740694
COL_408318,37948.83346740694
COL_408319,48097.95859455087
COL_408320,41220.409167624864
COL_408349,65283.41780440227
COL_408552,81039.85639290334
COL_408565,61711.11836837597
COL_408672,67885.69920743654
COL_408682,64752.51876400402
COL_408686,18231.516427844246
COL_408724,26113.63139298958
COL_408765,39146.105265936094
COL_408832,43816.16049591377
COL_409107,65421.28284050662
COL_409486,73040.88837394629
COL_409495,48600.20637232767
COL_409540,179776.8656796347
COL_409590,97898.24674424705
COL_409662,36469.90768561609
COL_409668,38079.574453254005
COL_409784,21772.61237284462
COL_409790,52309.55562523339
COL_409858,32769.424423467
COL_409866,31139.596423674793
COL_409962,23283.138184212323
COL_410295,46934.96922008492
COL_410302,33147.25614115305
COL_410316,38668.358688611734
COL_410448,49045.13089872566
COL_410498,33439.664617385155
COL_410525,39693.050136882186
COL_410534,91893.64490747727
COL_410549,29226.027437147663
COL_410657,75032.78678996241
COL_410724,47604.8157914894
COL_410778,50624.47911526752
COL_410957,35350.988258743055
COL_411043,80288.18139729899
COL_411096,222995.62469744674
COL_411111,53995.72595961437
COL_411137,73585.22864508102
COL_411195,53247.07133178805
COL_411202,35234.72180555755
COL_411220,128047.02947089878
COL_411221,139764.10179524298
COL_411238,52632.7735175613
COL_411275,32860.95963291957
COL_411301,32086.550032481515
COL_411514,58421.881812609674
COL_411540,26657.81047098786
COL_411700,30836.17292167443
COL_411961,25331.66757255169
COL_411962,39434.5954461885
COL_412082,33000.94864211457
COL_412105,35131.58725166147
COL_412122,28615.01590592683
COL_412124,60251.400395310564
COL_412125,49677.03283310494
COL_412244,36447.215943035844
COL_412251,44433.78629351568
COL_412275,53144.469479376465
COL_412308,47527.52634772242
COL_412337,33900.32762950323
COL_412350,56732.41709087506
COL_412395,46929.477539279644
COL_412411,53076.25926721349
COL_412491,67858.9003570746
COL_412575,24698.50207948379
COL_412583,54483.98894373189
COL_412606,35300.244919029516
COL_412656,44480.29348364213
COL_412697,44610.276015586234
COL_412711,34624.275442897444
COL_412850,58828.584804884085
COL_412851,49095.507164226925
COL_412853,32757.87375267224
COL_412856,31279.19478194415
COL_412857,23939.74964350115
COL_412925,238804.65106205086
COL_412926,244525.44885976124
COL_413217,57941.13950580455
COL_413225,48068.81495579305
COL_413258,67634.64482587489
COL_413261,53429.91427730011
COL_413262,45959.6736557598
COL_413270,22819.081942918918
COL_413271,70080.48305038596
COL_413275,31888.440021931026
COL_413474,155436.490716674
COL_413482,40925.6466379393
COL_413607,43264.03183494024
COL_413678,20991.04394347766
COL_413943,70931.68978726816
COL_413976,64181.03680629107
COL_414175,290093.4971485171
COL_414193,47586.42586663064
COL_414295,16465.05076027304
COL_414337,170460.80124952912
COL_414380,14564.960267887973
COL_414470,59098.432778914066
COL_414471,36715.23954510589
COL_414687,51699.09475438096
COL_414867,40999.233227697034
COL_414930,71792.6888661469
COL_414931,74200.31449893628
COL_415267,61024.65386199063
COL_415295,55066.85917485128
COL_415296,54654.02841862706
COL_415357,199820.4668636464
COL_415433,27025.712843490666
COL_415503,45512.18340126529
COL_415607,51584.97747440095
COL_415617,28727.520019288317
COL_415653,65388.921314129744
COL_415665,49041.42531907095
COL_415782,28505.768075650914
COL_415791,46115.70274333833
COL_415947,58197.03539761052
COL_415983,50847.781164335225
COL_415989,51225.177339826965
COL_416016,33510.981576167374
COL_416140,21297.841871967372
COL_416279,58469.72621900277
COL_416336,37770.90196072085
COL_416444,76342.21978435293
COL_416460,29148.440916743566
COL_416464,39403.302941668495
COL_416466,32452.08179233419
COL_416469,56626.77380815998
COL_416545,29150.824851581598
COL_416560,61168.98590220866
COL_416564,48288.66452097486
COL_416626,63842.246936935015
COL_416665,44642.47961780413
COL_416673,40571.90346829689
COL_416695,119361.49003231562
COL_416696,126215.00194849707
COL_416697,143438.63671227565
COL_416698,88104.46942402607
COL_416699,115676.01354379272
COL_416700,115350.79511369755
COL_416766,29608.579883788152
COL_416774,31872.3526105755
COL_416778,42787.00462743947
COL_416785,60481.76445315242
COL_416814,51434.41999584784
COL_416868,42409.721231276475
COL_416894,66171.42328050564
COL_417030,37423.526955323134
COL_417049,61779.462480862916
COL_417096,51325.35215799742
COL_417122,60186.47776668031
COL_417124,63170.036379200465
COL_417171,45330.558801421066
COL_417174,21185.247943432925
COL_417228,33571.22387770608
COL_417236,69611.84843122553
COL_417265,68322.95543317134
COL_417266,44690.919851061575
COL_417267,55644.66525357804
COL_417271,36605.14957311406
COL_417284,52227.45423154153
COL_417318,68073.0995042911
COL_417423,60507.10419529436
COL_417510,21874.89653497824
COL_417566,29601.043030825942
COL_417567,29314.997637716548
COL_417588,39952.45546792622
COL_417745,54083.81478996851
COL_417886,38469.55060378294
COL_417890,32858.653888562025
COL_418074,34126.050008665
COL_418076,39952.45546792622
COL_418114,53394.97656702782
COL_418116,40615.65452888834
COL_418130,31117.105962917783
COL_418135,36347.421646904535
COL_418144,36145.985962364735
COL_418176,29418.02221409235
COL_418198,61884.95346855358
COL_418222,71384.01248090899
COL_418224,472947.9369003319
COL_418240,32972.02756942934
COL_418264,31751.1872861036
COL_418371,193997.0871503318
COL_418556,120991.82758779255
COL_418578,52056.06325789997
COL_418774,40515.78745456439
COL_418818,70245.69931230656
COL_418839,52225.01257374664
COL_418881,114321.34005026275
COL_418888,63769.84693101012
COL_418990,57053.56166915732
COL_419050,24004.9782685375
COL_419102,34513.10719219789
COL_419181,25101.16389829816
COL_419250,67463.94873888686
COL_419337,74353.96615772457
COL_419383,34928.46862136786
COL_419397,77124.59118440398
COL_419431,44892.54467926314
COL_419510,69168.1319216299
COL_419518,18275.781578618986
COL_419574,25146.67451431932
COL_419578,40533.06235642782
COL_419614,11877.45796924725
COL_419756,241360.51371370157
COL_419765,63720.2794814521
COL_419779,52140.355538888856
COL_419796,32784.27338494779
COL_419798,21438.560547902118
COL_419799,54457.7750729648
COL_419870,69542.18794980066
COL_419871,69518.76166871339
COL_419872,67405.77624509373
COL_419873,68131.42138088231
COL_420021,149526.73019465434
COL_420031,29913.36229436218
COL_420037,21274.113923229488
COL_420080,53813.95418072677
COL_420362,32511.43264246402
COL_420401,70866.7210847735
COL_420490,89123.76199471025
COL_420491,24566.616552673506
COL_420515,58258.05234799969
COL_420540,208297.3118001027
COL_420668,32043.366327928365
COL_420707,51480.34759187311
COL_420743,280751.1414387517
COL_420784,36883.63147535821
COL_420790,55022.56860270086
COL_420901,46591.121959365795
COL_421024,42448.210709009385
COL_421052,23388.033175861157
COL_421060,30049.001494294258
COL_421061,44869.36617681054
COL_421110,37696.84340414745
COL_421112,55663.503831163194
COL_421121,63091.391565924874
COL_421208,33480.211592900254
COL_421218,43269.70112201731
COL_421237,138416.07331445828
COL_421255,54516.013650204266
COL_421283,33649.084168823276
COL_421291,45322.74244144573
COL_421297,93797.78251339971
COL_421343,24470.437615706163
COL_421344,35582.63302715192
COL_421348,57045.154275532
COL_421552,109199.83004679566
COL_421654,47673.066971542794
COL_421655,50645.20887904473
COL_421692,46338.64816997172
COL_421693,76534.94262903393
COL_422153,48509.021477256996
COL_422232,28053.508920836848
COL_422255,49018.23300791669
COL_422256,40837.8649404291
COL_422257,41081.044011916434
COL_422275,41297.57293860478
COL_422286,27870.541053755456
COL_422287,39436.01686329227
COL_422289,20037.826937228212
COL_422290,48873.61445998933
COL_422291,48251.828562249546
COL_422330,36264.23526046812
COL_422413,90006.23446328599
COL_422452,45421.29484068245
COL_422592,24809.272384223696
COL_422610,91257.12045931329
COL_422646,359465.0759507894
COL_422735,39632.128351907995
COL_422779,51811.1766108704
COL_422780,54644.30702599174
COL_422781,56371.794785019694
COL_422782,40143.08517861745
COL_422832,47566.18201356994
COL_422901,20536.02267102483
COL_422922,55616.78770570543
COL_422969,36974.56524678661
COL_422998,46116.37375400879
COL_423042,37608.877027798386
COL_423271,358227.1820645157
COL_423292,35808.81301425935
COL_423390,17064.630249811693
COL_423398,25763.719958900005
COL_423541,78396.49338963072
COL_423629,48448.083855323384
COL_423714,110594.86377561922
COL_423761,186837.3200587359
COL_423762,189242.3891415701
COL_423840,23772.632461533958
COL_424042,71387.7662474437
COL_424094,37513.320842354784
COL_424147,31509.75678899271
COL_424211,54998.27767872497
COL_424260,39712.4121616682
COL_424300,73478.75127090505
COL_424348,23398.23198222743
COL_424494,60457.32396440387
COL_424642,179989.2368580664
COL_424752,59023.92086987092
COL_425001,42911.31760969681
COL_425093,44222.62260200134
COL_425126,60671.91275847217
COL_425176,35252.29841189748
COL_425196,34747.48404996401
COL_425223,62089.47861451576
COL_425244,40522.403484431365
COL_425369,57894.915112069364
COL_425409,56904.39622290616
COL_425441,60486.720047873205
COL_425639,63199.81501321312
COL_425665,39823.09269796082
COL_425846,58586.908559893745
COL_425989,51510.237295742925
COL_426027,60898.28026739397
COL_426061,35092.58370784893
COL_426087,57187.175107951894
COL_426104,26454.95681251098
COL_426111,27548.990572378505
COL_426115,55995.1077977573
COL_426116,47504.482349234066
COL_426125,41659.74008248701
COL_426151,29101.353782354043
COL_426153,73490.26082874698
COL_426154,32961.74864295362
COL_426155,30800.408322386153
COL_426193,55992.24238521648
COL_426194,44832.062548387934
COL_426197,54119.19911191259
COL_426198,60768.936905321134
COL_426280,52551.822221063005
COL_426368,62767.742215126484
COL_426396,47568.37951685839
COL_426421,77671.75867097519
COL_426497,40029.237489789026
COL_426515,76167.31510822749
COL_426542,40819.38032432482
COL_426551,82204.73799975024
COL_426606,30434.05284558181
COL_426630,29258.19941059891
COL_426890,34544.24632016662
COL_427026,19985.342304011665
COL_427086,37346.97408110141
COL_427087,43026.84435484249
COL_427088,37346.97408110141
COL_427345,40531.92286581534
COL_427417,49093.11500788678
COL_427594,127772.05298998619
COL_427626,29574.2472378166
COL_427674,71703.0849096428
COL_427685,61918.88408027353
COL_427694,32998.831584088126
COL_427711,54595.843568094235
COL_427712,81317.00819706229
COL_427713,40528.043667335005
COL_427738,85196.04954845645
COL_427889,58065.47487533893
COL_427891,36504.9228248474
COL_427927,50397.02494375562
COL_428045,37748.44600029045
COL_428116,22905.11986962841
COL_428221,34807.56428095288
COL_428332,34614.157426492115
COL_428419,33029.13735994302
COL_428436,43656.43682265821
COL_428459,34834.54913658928
COL_428460,66634.40257290078
COL_428724,107100.42017356934
COL_428952,72896.73653699501
COL_428982,52889.730630038044
COL_428983,44397.21923268155
COL_429040,31249.330672777156
COL_429053,54905.88171111393
COL_429063,42120.74108146086
COL_429128,55975.46725827081
COL_429131,59704.64386824477
COL_429190,36223.2347360712
COL_429211,42140.75622420048
COL_429243,48543.84066369944
COL_429270,72621.44504267513
COL_429312,76862.73009574876
COL_429415,53877.963959767825
COL_429434,58003.590381348506
COL_429512,37697.767972271824
COL_429591,40513.39110518215
COL_429627,54565.74750285168
COL_429671,64099.70442017886
COL_429672,63435.89003215899
COL_429688,63786.52709259721
COL_429689,63947.14802859746
COL_429693,71379.8855693601
COL_429715,35695.87979648215
COL_429792,79440.14084274361
COL_429831,52803.424140900664
COL_430043,247034.67472031558
COL_430076,53057.198298796364
COL_430092,36941.518884573234
COL_430123,50176.49271990187
COL_430196,26508.504803889053
COL_430201,45169.96036375237
COL_430215,60542.0871584396
COL_430335,45095.20426980489
COL_430443,67742.7042571665
COL_430444,68908.56120716402
COL_430445,57625.68740178394
COL_430446,63789.45014176459
COL_430506,57756.41131864117
COL_430651,64271.162581733886
COL_430726,60801.16282741287
COL_430765,54759.80883477938
COL_431040,47578.17528825019
COL_431079,54822.93393328951
COL_431111,48150.05961987769
COL_431147,42257.701295593804
COL_431149,47392.274968249774
COL_431152,39117.42955298302
COL_431279,67713.86185635577
COL_431283,26185.886303237312
COL_431331,46356.400600909
COL_431364,45499.870885185046
COL_431377,43923.86617015996
COL_431389,34345.520508480346
COL_431561,38703.776040661156
COL_431663,49364.06779958945
COL_431675,30467.397172165707
COL_431683,70923.37883049292
COL_431707,89437.70519292774
COL_431768,43651.59773389397
COL_431982,64767.39545913405
COL_431990,28142.385357132378
COL_432077,51561.87335749456
COL_432104,25421.668225721056
COL_432105,25411.630458714888
COL_432272,37225.80126558225
COL_432283,52380.26159634852
COL_432319,39647.34592117563
COL_432320,40463.67288463337
COL_432332,31314.758525867055
COL_432333,37231.16882316643
COL_432412,141428.58768381673
COL_432415,24994.99674305578
COL_432420,38953.40670484755
COL_432640,84622.46469539755
COL_432644,17811.495160031467
COL_432646,54085.249229099136
COL_432755,278205.9810116628
COL_433016,93967.27131994974
COL_433137,34558.67695517177
COL_433206,51149.838616141154
COL_433218,35848.882239739985
COL_433381,87847.69831996021
COL_433499,24110.22946202371
COL_433501,69285.12596192534
COL_433595,47764.41964804441
COL_434015,54147.05184051601
COL_434023,38003.955492534704
COL_434027,46003.28755127259
COL_434046,133702.68240277428
COL_434082,140434.2723310861
COL_434097,54503.92654296465
COL_434119,43831.17907073183
COL_434214,57630.68742322788
COL_434303,46721.498080962025
COL_434319,34658.88001623689
COL_434320,34819.458061468205
COL_434338,63088.47209773988
COL_434431,34350.35319173198
COL_434434,33851.736089118436
COL_434601,49945.305536289416
COL_434621,47826.05319179585
COL_434651,33476.54489859196
COL_434686,24972.080693034328
COL_434771,46124.864391672236
COL_434823,47233.01348199842
COL_434848,51541.46185575767
COL_434871,25648.30894191554
COL_435108,56713.14248715448
COL_435148,40289.0033202854
COL_435225,31341.58544145291
COL_435332,163189.49477772415
COL_435436,61031.134256450954
COL_435657,56903.946607250255
COL_435665,35555.99326466245
COL_435718,229972.1685067154
COL_435759,32724.008072083176
COL_435887,30324.72735436402
COL_435996,191689.44644144148
COL_435997,45314.31641851108
COL_436077,66300.00510553192
COL_436085,41546.503672076855
COL_436126,34758.697943177096
COL_436133,18993.910101936497
COL_436154,63696.52340673617
COL_436195,49579.28382950759
COL_436277,34392.219513859825
COL_436336,44366.12970269477
COL_436344,50501.10345883232
COL_436422,60934.99321537887
COL_436438,23114.649532972497
COL_436469,50939.048649769116
COL_436574,34599.269591030396
COL_436582,25461.44984651991
COL_436675,39775.96769022495
COL_436712,30739.08702349714
COL_436721,72298.82008736992
COL_436732,66432.1818725728
COL_436758,61897.24481624126
COL_436969,50716.028576767516
COL_437029,59858.62067837375
COL_437045,47947.74719576016
COL_437048,33674.677236423275
COL_437102,65882.33735009293
COL_437108,34824.400331058016
COL_437131,74926.02070742102
COL_437150,66463.26305324672
COL_437151,66608.17208251446
COL_437153,67004.61044945975
COL_437154,67004.61044945975
COL_437155,66322.71273708803
COL_437156,66707.54093377985
COL_437157,66627.36908958424
COL_437186,42561.41209139397
COL_437187,30437.472416292592
COL_437195,54087.47636388777
COL_437280,53150.35532959783
COL_437358,301948.7108095574
COL_437384,51370.750730289634
COL_437385,95556.03699835358
COL_437386,131397.93461699277
COL_437455,57329.02580831351
COL_437456,88412.40175175447
COL_437610,25379.17312187701
COL_437874,26190.338270772645
COL_437881,34609.612899906686
COL_437949,27017.604762389627
COL_437953,44463.22633895589
COL_437972,42689.4346708154
COL_437999,39520.41004931444
COL_438013,80984.0221874149
COL_438024,51165.58516849352
COL_438136,37411.34253295688
COL_438164,118940.31695884666
COL_438343,57873.12033992241
COL_438424,37626.78742039583
COL_438451,24396.50645009703
COL_438458,55088.67831672989
COL_438466,141417.99965843564
COL_438470,38648.54764692698
COL_438603,66269.5157271772
COL_438755,219759.099259896
COL_438836,45018.00754258204
COL_438853,69767.96739168497
COL_438878,55309.20865309195
COL_438979,76558.15187767163
COL_439032,21125.311157043507
COL_439248,65349.67380718826
COL_439348,69161.7151557297
COL_439366,52081.227180277034
COL_439375,70418.91904877151
COL_439448,54959.25288060874
COL_439463,44755.49227481094
COL_439473,42028.955913968704
COL_439546,44536.376845353036
COL_439560,32919.704740975925
COL_439603,45495.837640437014
COL_439708,40152.760763508355
COL_439738,39407.60628267947
COL_439739,42339.77208108188
COL_439741,46236.912688246135
COL_439746,57237.70913647284
COL_439755,49842.90086170298
COL_439868,78532.62190961256
COL_439909,55094.013811937606
COL_439912,33562.87790164777
COL_439941,36353.50948939846
COL_440220,38521.41130842569
COL_440226,67176.84659047304
COL_440257,39791.37103050987
COL_440262,36619.90947293479
COL_440318,63132.63803597368
COL_440336,40191.66311716271
COL_440347,42845.18146026768
COL_440618,40753.15677906463
COL_440788,47531.99275671484
COL_440831,23340.416271796574
COL_440889,41140.35274406849
COL_440892,54344.54793132628
COL_440903,43037.437911577676
COL_441033,51578.45301186414
COL_441069,59591.615882258106
COL_441100,42774.09377951941
COL_441105,62448.9888462331
COL_441129,41120.21898285069
COL_441133,45522.389670759585
COL_441162,64590.240975577326
COL_441185,53968.815934728824
COL_441203,50285.00342121484
COL_441213,52263.32725792123
COL_441222,41699.184208449056
COL_441256,44610.276015586234
COL_441291,56981.778770485296
COL_441499,49783.431975564585
COL_441556,39191.38306799415
COL_441659,56397.64717635106
COL_441695,45307.63013980558
COL_441725,29054.91556796284
COL_441852,31804.815527975952
COL_441872,122327.31783667399
COL_441885,51617.017391812726
COL_441886,59782.888994106535
COL_441887,46116.37375400879
COL_441968,40034.56177611011
COL_442042,76555.88309347224
COL_442088,36145.60403856477
COL_442218,137711.08059336848
COL_442223,57620.60914002215
COL_442404,27062.79977681067
COL_442430,53678.61676546186
COL_442436,78315.55757362442
COL_442660,48604.78805404093
COL_442689,46813.261945435304
COL_442736,41837.17323798203
COL_442849,82312.16560693055
COL_442859,48141.32526397111
COL_442896,58967.028147993704
COL_442899,62559.761623258586
COL_442969,46982.12499577302
COL_443027,78279.54664925706
COL_443075,37584.7954080514
COL_443076,58270.74246929244
COL_443086,54695.6301386631
COL_443087,60771.49646961449
COL_443105,46656.68409987867
COL_443174,45861.33712956859
COL_443215,52034.65219091973
COL_443224,57677.15726840534
COL_443260,60738.66029510627
COL_443261,34910.83869126876
COL_443353,132469.59371919674
COL_443381,52359.903550824405
COL_443604,254388.32965888438
COL_443605,171882.3381959034
COL_443606,204248.08145326402
COL_443644,59220.305028453644
COL_443699,27537.741000381953
COL_443721,65283.47168394613
COL_443797,35925.951863754024
COL_443798,51315.187100786796
COL_444056,51260.953510981526
COL_444127,20315.525549379174
COL_444137,17729.082031415808
COL_444163,54734.82091939124
COL_444190,69133.42870743935
COL_444262,48219.23720847693
COL_444332,29104.388112512268
COL_444379,40964.33774124377
COL_444406,60179.9014475233
COL_444612,17012.076165709765
COL_444615,199261.617762715
COL_444634,30997.286945063326
COL_444659,15003.706300081356
COL_444707,74595.80129070274
COL_444834,62921.55064377405
COL_444936,55920.91227621317
COL_445000,49005.53015895075
COL_445091,25162.327310502762
COL_445127,393107.0248909256
COL_445191,48283.59214414742
COL_445218,44183.234575671006
COL_445268,248686.41033873544
COL_445304,59015.9731691495
COL_445315,42486.82541707145
COL_445336,38178.266205113054
COL_445547,55956.97399680525
COL_445578,66652.34837036562
COL_445661,36513.90271947998
COL_445664,63843.8430044344
COL_445689,30480.738657509333
COL_445693,33752.911856431274
COL_445738,61345.368209585075
COL_445749,46692.732525309264
COL_445753,46940.94284214221
COL_445754,29260.862726454143
COL_445756,32694.88843372928
COL_445780,46421.44701447924
COL_445795,25702.31096446896
COL_445839,42525.16982109959
COL_445871,49743.37752432657
COL_445928,14507.895589803391
COL_446061,38823.99846189067
COL_446070,79253.78149151502
COL_446108,65203.68307320718
COL_446174,59449.422008476606
COL_446228,51494.570570944954
COL_446244,24716.36198291381
COL_446347,35619.86325697103
COL_446363,48676.47599595739
COL_446584,51548.52834726512
COL_446585,50703.94353793699
COL_446586,51548.52834726512
COL_446587,50753.48111660884
COL_446588,50753.48111660884
COL_446615,54722.19021669911
COL_446800,35892.30279122555
COL_446838,68323.60654248326
COL_446853,48840.57127628857
COL_446909,20963.0701423758
COL_446917,40216.590854561
COL_446918,40673.20994284513
COL_446919,40673.20994284513
COL_446920,40077.637722076404
COL_446924,30459.166284740208
COL_447009,57809.34715245064
COL_447084,59973.09662902579
COL_447134,41274.33186324752
COL_447200,44438.08777844053
COL_447278,22674.604329124075
COL_447297,61835.19900866953
COL_447310,32972.02756942934
COL_447346,31215.103758974306
COL_447394,68360.37782297684
COL_447395,52191.897249199574
COL_447397,58382.36450129095
COL_447412,47208.65093403593
COL_447424,35928.740025285115
COL_447434,56731.28553355829
COL_447435,45775.280704888886
COL_447436,55547.633418152545
COL_447437,52928.80797860382
COL_447438,55753.94669197698
COL_447439,33549.30052892864
COL_447440,49141.50512720254
COL_447441,56319.203302848415
COL_447442,58665.2910523834
COL_447443,56319.203302848415
COL_447444,51820.85223858728
COL_447445,56002.40831445113
COL_447446,31857.294520779305
COL_447477,45709.2458517731
COL_447514,62684.551064997366
COL_447614,33713.117023331695
COL_447615,33713.117023331695
COL_447642,49896.051977172625
COL_447650,64110.564918663724
COL_447671,86888.12405802836
COL_447672,86888.12405802836
COL_447698,169677.36087500487
COL_447719,22711.734551709713
COL_447739,128742.92610246495
COL_447865,69158.9002543616
COL_447932,41456.270915881345
COL_447950,31304.469389065245
COL_447973,46898.02049411428
COL_448004,45720.60982202195
COL_448005,47439.84581164897
COL_448006,26181.355601221123
COL_448007,44288.98898996343
COL_448008,47439.84581164897
COL_448009,32900.68185448384
COL_448010,40608.40322858147
COL_448011,47591.42970935416
COL_448017,37223.35120160299
COL_448081,26314.668689743812
COL_448229,62861.81844539699
COL_448288,49058.92145531174
COL_448328,42999.57954724101
COL_448412,61134.60256411443
COL_448444,208217.69786521408
COL_448461,50728.76623973706
COL_448500,39031.63745462619
COL_448541,79271.74471451157
COL_448542,46929.477539279644
COL_448543,46929.477539279644
COL_448547,68693.3560940344
COL_448598,164315.50985268314
COL_448757,29725.803133058278
COL_448763,42445.47913419305
COL_448835,46607.82959556331
COL_448853,44748.72533596541
COL_448947,54695.09733784934
COL_449012,50762.640216493644
COL_449016,27081.31802150675
COL_449024,61968.13380042789
COL_449043,28469.4294482606
COL_449090,66773.64774923425
COL_449146,34846.773335023434
COL_449216,59246.05300676143
COL_449293,67707.27188435692
COL_449311,70911.18097919942
COL_449349,33474.20224556393
COL_449389,50318.02621037938
COL_449497,38507.14016379055
COL_449515,41700.85427126568
COL_449522,35788.91320829697
COL_449526,27718.238284334257
COL_449528,42117.15538533561
COL_449532,20903.59992109755
COL_449536,27257.960279927447
COL_449588,35539.44066174997
COL_449592,74136.09288055197
COL_449811,175430.6389185189
COL_449907,65017.18305137153
COL_449939,113486.19251344255
COL_450017,28981.62138322152
COL_450118,159861.46918965393
COL_450161,44295.40940966513
COL_450164,27309.822236438507
COL_450185,44073.52650510569
COL_450237,33491.73294155284
COL_450271,88258.1036581402
COL_450347,43975.2687255517
COL_450351,38025.23055457217
COL_450523,40146.25276362751
COL_450578,33658.019665214386
COL_450609,34449.22035565221
COL_450632,31818.78674524073
COL_450739,35046.60511898298
COL_450740,33037.90999226917
COL_450800,46974.79293065824
COL_450807,53936.8061036665
COL_450863,36687.33506133279
COL_451021,46444.08113821791
COL_451022,51885.37283805349
COL_451120,57977.84561449572
COL_451222,46537.4710891172
COL_451337,32608.37626288168
COL_451353,39155.939342835445
COL_451357,45883.96174069336
COL_451366,46001.451986143344
COL_451424,62373.44219525306
COL_451493,43654.39888982071
COL_451570,41596.17882477299
COL_451580,52509.88801210278
COL_451581,64488.49616891609
COL_451744,54941.91009136581
COL_451780,58163.52501047479
COL_451858,55145.01306009152
COL_451866,41256.343678131154
COL_451867,57845.485142565936
COL_451876,60084.51320654528
COL_451882,21494.18457520261
COL_451949,80653.46001521892
COL_452035,53248.915685035776
COL_452047,35071.12653011852
COL_452048,80745.96576851641
COL_452145,46026.94416724213
COL_452284,34019.10206550573
COL_452285,59563.43132284441
COL_452313,79855.57385051173
COL_452342,32027.511282335567
COL_452469,40791.67265728074
COL_452492,57504.73115817861
COL_452515,41507.99081846803
COL_452536,40883.02947263953
COL_452555,73251.3052716614
COL_452731,53684.573252876966
COL_452765,69254.10867068284
COL_452800,57029.24291002303
COL_452849,75391.2775472501
COL_452871,65398.28129383525
COL_452912,59250.45605295804
COL_452934,49450.55621472965
COL_453175,103776.15595783287
COL_453176,53528.986679332345
COL_453182,74023.22941019216
COL_453204,57207.53108796431
COL_453205,53735.655633958784
COL_453213,53804.052792338
COL_453228,61868.378716296655
COL_453378,50098.96924042025
COL_453382,66489.49031086557
COL_453391,37168.32842138415
COL_453406,38887.733875957296
COL_453662,31533.67480651137
COL_453691,48708.90868988637
COL_453739,54556.94790077881
COL_453800,51491.4670352509
COL_453871,34935.15124330549
COL_453991,61049.75192497071
COL_453992,66188.09036603861
COL_453993,44531.8696490469
COL_453994,49267.178161064294
COL_453995,49267.178161064294
COL_453996,54583.65866557122
COL_453997,55054.23466295554
COL_453998,51231.92523852669
COL_453999,49298.721451090496
COL_454000,69722.78646139495
COL_454001,72245.67055991017
COL_454002,74510.06624090248
COL_454003,74510.06624090248
COL_454004,73979.9094735741
COL_454005,48659.74165333606
COL_454022,41933.18842488955
COL_454023,64101.19146515413
COL_454069,142861.88762017086
COL_454085,55875.0807300831
COL_454096,24730.362467761206
COL_454109,90095.48317852634
COL_454110,49338.41313160484
COL_454132,49657.20776996214
COL_454285,38519.77353127907
COL_454306,37856.298672620534
COL_454307,37667.72366725105
COL_454308,37181.21488948936
COL_454309,36761.90374833096
COL_454310,27941.783074167273
COL_454422,76708.21126301623
COL_454493,46929.477539279644
COL_454637,49344.79814024876
COL_454727,45721.84783504163
COL_454740,34244.19190701629
COL_454753,63116.46208452126
COL_454768,37703.27581462725
COL_454799,41951.21298630235
COL_455089,25137.622305935398
COL_455212,39464.66650823611
COL_455261,52911.632128786885
COL_455381,62475.87470226892
COL_455397,54837.52153078967
